Datum,Area,Area_glatt,Vol_calc,Volume,WD,WD_calc,WD_calc_smooth
2015-07-04,10682.0,10511.0,27566.916151244288,,,5.720782146297793,5.782125746565683
2015-08-03,6599.0,6555.0,8311.335553421692,,,3.2121774143085218,3.2829095344025934
2015-08-13,5703.0,5660.0,6343.937444123567,,,2.838101177421328,2.890295514553972
2015-09-12,1801.0,1589.0,4407.200903334782,,,2.400917602667967,2.431090794954326
2016-06-10,,,,51057.36185151625,7.76025,,
2016-06-11,,,,51458.252508155114,7.789416666666665,,
2016-06-12,,,,52655.337980180586,7.875833333333335,,
2016-06-13,,,,53665.68558784001,7.9479999999999995,,
2016-06-14,,,,54178.03141168222,7.984333333333333,,
2016-06-15,,,,55616.37237612848,8.085416666666667,,
2016-06-16,,,,57524.506954625,8.2175,,
2016-06-17,,,,58426.50005451389,8.279166666666667,,
2016-06-18,,,,59039.965304513884,8.320833333333333,,
2016-06-19,,,,59531.83082146847,8.354083333333334,,
2016-06-20,,,,60127.51945718058,8.394166666666667,,
2016-06-21,,,,60469.434678378464,8.417083333333332,,
2016-06-22,,,,60403.462182248855,8.412666666666665,,
2016-06-23,,,,60151.11122799622,8.395749999999998,,
2016-06-24,,,,59787.820590462215,8.371333333333332,,
2016-06-25,,,,59328.17804042888,8.340333333333332,,
2016-06-26,,,,58967.408101835135,8.315916666666666,,
2016-06-27,,,,58730.37456487388,8.299833333333332,,
2016-06-28,13380.0,13171.0,51335.75163413782,58548.934365625,8.2875,7.720580703499669,7.78051638000828
2016-06-29,,,,58243.09115555558,8.266666666666667,,
2016-06-30,,,,57896.63425153999,8.242999999999999,,
2016-07-01,,,,58812.60621179513,8.305416666666666,,
2016-07-02,,,,59486.13259345996,8.350999999999997,,
2016-07-03,,,,60597.749313815526,8.425666666666665,,
2016-07-04,,,,61577.6771227518,8.490916666666665,,
2016-07-05,,,,61747.43183102055,8.502166666666666,,
2016-07-06,,,,61770.08360629555,8.503666666666666,,
2016-07-07,,,,61492.26033826624,8.485249999999999,,
2016-07-08,,,,61121.14303898844,8.46058333333333,,
2016-07-09,,,,60581.54669462848,8.424583333333333,,
2016-07-10,,,,60002.18896809625,8.38575,,
2016-07-11,,,,59452.79641540624,8.348749999999999,,
2016-07-12,,,,59839.828190873886,8.374833333333333,,
2016-07-13,,,,62111.6252716562,8.526249999999997,,
2016-07-14,,,,64656.45615960182,8.692583333333333,,
2016-07-15,,,,66312.92710885179,8.799083333333332,,
2016-07-16,,,,66831.79731282055,8.832166666666666,,
2016-07-17,,,,66778.11680740624,8.82875,,
2016-07-18,,,,66436.90442354,8.807,,
2016-07-19,,,,65974.21781390179,8.777416666666666,,
2016-07-20,,,,65405.600491918456,8.740916666666665,,
2016-07-21,,,,64805.93686701622,8.702249999999998,,
2016-07-22,,,,64527.73319979623,8.684249999999999,,
2016-07-23,,,,64007.72817686498,8.6505,,
2016-07-24,,,,63470.70503426499,8.615499999999999,,
2016-07-25,,,,63054.17420619622,8.588249999999999,,
2016-07-26,,,,62663.11057896843,8.56258333333333,,
2016-07-27,,,,62980.43856146848,8.583416666666666,,
2016-07-28,,,,63113.957426420544,8.592166666666666,,
2016-07-29,,,,62933.42304202888,8.580333333333332,,
2016-07-30,,,,62551.60352736624,8.55525,,
2016-07-31,,,,62518.67743467178,8.553083333333333,,
2016-08-01,,,,63433.709090871824,8.613083333333334,,
2016-08-02,,,,63837.423940321816,8.639416666666667,,
2016-08-03,,,,63717.19656431849,8.631583333333333,,
2016-08-04,,,,63330.43322789553,8.606333333333332,,
2016-08-05,,,,63182.679809555535,8.596666666666666,,
2016-08-06,,,,64374.7214524822,8.674333333333331,,
2016-08-07,14122.0,13849.0,58482.719130841775,64920.74266842888,8.709666666666665,8.266154667910472,8.28299423890344
2016-08-08,,,,64829.14775115625,8.70375,,
2016-08-09,,,,64612.67583801622,8.689749999999998,,
2016-08-10,,,,69169.95850362889,8.979666666666667,,
2016-08-11,,,,73548.10956894622,9.249249999999998,,
2016-08-12,,,,74517.43589575385,9.307833333333333,,
2016-08-13,,,,74759.7272262851,9.322416666666664,,
2016-08-14,,,,74751.41353592179,9.321916666666663,,
2016-08-15,,,,74531.27044166221,9.308666666666666,,
2016-08-16,,,,74231.35135275513,9.290583333333332,,
2016-08-17,,,,73951.33338442893,9.273666666666667,,
2016-08-18,,,,73449.19384464622,9.243249999999998,,
2016-08-19,,,,72981.62895807388,9.214833333333333,,
2016-08-20,,,,72380.54225280724,9.178166666666668,,
2016-08-21,,,,72089.10083856224,9.160333333333334,,
2016-08-22,,,,71708.67034273999,9.137,,
2016-08-23,,,,71214.27485790178,9.106583333333333,,
2016-08-24,,,,70623.27532833516,9.070083333333336,,
2016-08-25,,,,69943.61220346183,9.027916666666666,,
2016-08-26,,,,69153.97010446222,8.978666666666667,,
2016-08-27,14955.0,14624.0,66963.30007101105,68359.57444862058,8.928833333333333,8.861150310906838,8.840530736655026
2016-08-28,,,,67503.98044754054,8.874833333333333,,
2016-08-29,,,,66802.99043536223,8.830333333333334,,
2016-08-30,,,,66104.38712409622,8.785749999999998,,
2016-08-31,,,,65299.422836335114,8.73408333333333,,
2016-09-01,,,,64413.27857174053,8.676833333333331,,
2016-09-02,,,,63512.81710089628,8.61825,,
2016-09-03,,,,62564.2697378218,8.556083333333332,,
2016-09-04,,,,61663.153727668476,8.496583333333334,,
2016-09-05,,,,61310.321385407224,8.473166666666666,,
2016-09-06,14629.0,14362.0,64069.54679688272,60615.20073340722,8.426833333333333,8.631058607355934,8.654519451820553
2016-09-07,,,,59847.259710995546,8.375333333333332,,
2016-09-08,,,,59026.4342751018,8.319916666666666,,
2016-09-09,,,,58163.70436290623,8.261249999999999,,
2016-09-10,,,,57267.40361354054,8.199833333333332,,
2016-09-11,,,,56363.70859363513,8.137416666666665,,
2016-09-12,,,,55444.625533368446,8.073416666666665,,
2016-09-13,,,,54485.91056798847,8.006083333333333,,
2016-09-14,,,,53535.64166790628,7.9387500000000015,,
2016-09-15,,,,52592.658443795546,7.871333333333332,,
2016-09-16,,,,51623.65051955513,7.8014166666666656,,
2016-09-17,,,,52570.61350461627,7.869750000000002,,
2016-09-18,,,,54477.641771665,8.0055,,
2016-09-19,,,,54744.92591781557,8.024333333333333,,
2016-09-20,,,,54463.46816706498,8.004499999999998,,
2016-09-21,,,,53982.67404806501,7.9705,,
2016-09-22,,,,53369.51156207181,7.926916666666667,,
2016-09-23,,,,52680.884902882215,7.877666666666666,,
2016-09-24,,,,51952.94484046627,7.825250000000001,,
2016-09-25,,,,51155.719552668495,7.7674166666666675,,
2016-09-26,12845.0,12397.0,43630.67661833658,50348.832619385146,7.708416666666667,7.322016178776831,7.197337659273021
2016-09-27,,,,49482.02305266502,7.6445000000000025,,
2016-09-28,,,,48598.29186990624,7.5787499999999985,,
2016-09-29,,,,47709.358090240006,7.512,,
2016-09-30,,,,46806.84252923848,7.443583333333334,,
2016-10-01,,,,45894.63181165626,7.37375,,
2016-10-02,,,,45018.31740856,7.306,,
2016-10-03,,,,44152.678152351786,7.238416666666666,,
2016-10-04,,,,43190.448990625024,7.162500000000001,,
2016-10-05,,,,42204.691178420566,7.083833333333335,,
2016-10-06,12664.0,12412.0,43774.60681418666,41181.232866153885,7.001166666666666,7.186702838512272,7.208689008182888
2016-10-07,,,,40302.234690915575,6.929333333333335,,
2016-10-08,,,,39369.686412516254,6.8522500000000015,,
2016-10-09,,,,38406.6298853889,6.771666666666667,,
2016-10-10,,,,37458.60208166223,6.691333333333334,,
2016-10-11,,,,36464.73634456,6.605999999999999,,
2016-10-12,,,,35512.01174190517,6.523083333333335,,
2016-10-13,,,,34602.124182153886,6.442833333333334,,
2016-10-14,,,,33909.231115060014,6.381,,
2016-10-15,,,,34502.70337976,6.434,,
2016-10-16,12157.0,11888.0,38886.91349920783,34712.971144382216,6.4526666666666666,6.807564260750812,6.811980716202933
2016-10-17,,,,34411.851336935164,6.4259166666666685,,
2016-10-18,,,,33885.08100562057,6.378833333333334,,
2016-10-19,,,,33281.40975503848,6.324416666666667,,
2016-10-20,,,,32763.54224078223,6.277333333333334,,
2016-10-21,,,,32227.168175140567,6.228166666666668,,
2016-10-22,,,,31744.688293438485,6.183583333333335,,
2016-10-23,,,,31198.198476648908,6.132666666666667,,
2016-10-24,,,,30658.303442721815,6.081916666666667,,
2016-10-25,,,,30334.387100406264,6.0512500000000005,,
2016-10-26,,,,30528.702806028887,6.0696666666666665,,
2016-10-27,,,,30589.500944628475,6.0754166666666665,,
2016-10-28,,,,30433.66415344888,6.060666666666666,,
2016-10-29,,,,30038.420540238465,6.023083333333332,,
2016-10-30,,,,29482.05923161624,5.969749999999999,,
2016-10-31,,,,28890.737115625016,5.9125000000000005,,
2016-11-01,,,,28247.081076865,5.8495,,
2016-11-02,,,,27501.318817038482,5.7755833333333335,,
2016-11-03,,,,26687.555447656254,5.6937500000000005,,
2016-11-04,,,,25882.21952858501,5.6115,,
2016-11-05,,,,25170.82626121625,5.53775,,
2016-11-06,,,,24840.724808807216,5.503166666666666,,
2016-11-07,,,,24892.280288188467,5.508583333333332,,
2016-11-08,,,,24688.75703462056,5.487166666666668,,
2016-11-09,,,,24162.188624062223,5.431333333333334,,
2016-11-10,,,,23834.286081156264,5.396250000000001,,
2016-11-11,,,,23217.51176671181,5.329583333333334,,
2016-11-12,,,,22431.845081555563,5.243333333333333,,
2016-11-13,,,,21794.01015722056,5.172166666666667,,
2016-11-14,,,,20967.44539205556,5.078333333333333,,
2016-11-15,,,,20215.72870299556,4.991333333333333,,
2016-11-16,,,,19517.32019026001,4.909000000000002,,
2016-11-17,,,,18662.068125321803,4.8060833333333335,,
2016-11-18,,,,17787.12610809625,4.69825,,
2016-11-19,,,,16991.18800101625,4.59775,,
2016-11-20,,,,16208.337165385,4.4965,,
2016-11-21,,,,15365.234905961805,4.3845833333333335,,
2016-11-22,,,,14515.997905655136,4.268583333333333,,
2016-11-23,,,,13710.493275366247,4.15525,,
2016-11-24,,,,12915.90473599999,4.039999999999998,,
2016-11-25,,,,12091.901436985,3.9165,,
2016-11-26,,,,11265.226697288466,3.7880833333333332,,
2016-11-27,,,,10445.985475513891,3.6558333333333337,,
2016-11-28,,,,9485.412639071805,3.493583333333333,,
2016-11-29,,,,8426.050262847222,3.3041666666666667,,
2016-11-30,,,,7578.592175646252,3.1432500000000005,,
2016-12-01,,,,7042.604821838475,3.0364166666666668,,
2016-12-02,,,,6754.110449045141,2.9770833333333333,,
2016-12-03,,,,6502.740758196252,2.92425,,
2016-12-04,,,,6398.436121839999,2.902,,
2016-12-05,,,,6318.205403166249,2.88475,,
2016-12-06,,,,6380.947506096248,2.8982499999999995,,
2016-12-07,,,,6396.88051738889,2.901666666666667,,
2016-12-08,,,,6407.3848643551355,2.9039166666666665,,
2016-12-09,,,,6382.5009888884715,2.8985833333333333,,
2016-12-10,,,,6378.617670016252,2.8977500000000003,,
2016-12-11,,,,6362.32185789625,2.89425,,
2016-12-12,,,,6283.880475448892,2.8773333333333335,,
2016-12-13,,,,6229.327039265001,2.8655000000000004,,
2016-12-14,,,,6311.255016246252,2.8832500000000003,,
2016-12-15,,,,6251.577914295555,2.8703333333333334,,
2016-12-16,,,,6232.776908656251,2.8662500000000004,,
2016-12-17,,,,6245.819205485141,2.8690833333333337,,
2016-12-18,,,,6240.447036795137,2.8679166666666664,,
2016-12-19,,,,6167.789751128475,2.8520833333333333,,
2016-12-20,,,,6208.267273118472,2.8609166666666668,,
2016-12-21,,,,6295.439226607223,2.879833333333333,,
2016-12-22,,,,6342.177708401806,2.8899166666666667,,
2016-12-23,,,,6345.661692515554,2.8906666666666663,,
2016-12-24,,,,6364.260638862224,2.8946666666666667,,
2016-12-25,,,,6376.288299666251,2.89725,,
2016-12-26,,,,6393.381164185135,2.9009166666666664,,
2016-12-27,,,,6303.537280151805,2.8815833333333334,,
2016-12-28,,,,6315.88814179625,2.88425,,
2016-12-29,,,,6346.823253418474,2.890916666666667,,
2016-12-30,,,,6372.407050705138,2.896416666666666,,
2016-12-31,,,,6410.888409128892,2.904666666666667,,
2017-01-01,,,,6401.547951715555,2.9026666666666667,,
2017-01-02,,,,6357.670103146253,2.8932500000000005,,
2017-01-03,,,,6241.214334221801,2.8680833333333333,,
2017-01-04,,,,6346.048866546251,2.89075,,
2017-01-05,,,,6111.89639807389,2.839833333333333,,
2017-01-06,,,,5928.3501251805565,2.799166666666667,,
2017-01-07,,,,6132.7761466384745,2.844416666666667,,
2017-01-08,,,,6260.797902882224,2.8723333333333336,,
2017-01-09,,,,6187.24664122889,2.8563333333333336,,
2017-01-10,,,,6159.787870828889,2.8503333333333334,,
2017-01-11,,,,6106.966902906249,2.83875,,
2017-01-12,,,,6337.147136887221,2.888833333333333,,
2017-01-13,,,,6229.710306338473,2.8655833333333334,,
2017-01-14,,,,6119.864047218471,2.8415833333333333,,
2017-01-15,,,,6062.69983186,2.8289999999999997,,
2017-01-16,,,,6007.708957207222,2.8168333333333333,,
2017-01-17,,,,6061.189558462222,2.8286666666666664,,
2017-01-18,,,,6152.9336571538915,2.8488333333333338,,
2017-01-19,,,,6174.653046538473,2.8535833333333334,,
2017-01-20,,,,6222.047422888474,2.863916666666667,,
2017-01-21,,,,6249.658021268473,2.8699166666666667,,
2017-01-22,,,,6287.346878255138,2.878083333333333,,
2017-01-23,,,,6260.029285887221,2.8721666666666663,,
2017-01-24,,,,6278.490376153891,2.8761666666666668,,
2017-01-25,,,,6268.871505601805,2.874083333333333,,
2017-01-26,,,,6286.576475961809,2.8779166666666667,,
2017-01-27,,,,6264.2573197384745,2.8730833333333337,,
2017-01-28,,,,6248.506240695559,2.8696666666666677,,
2017-01-29,,,,6288.8878380851365,2.8784166666666664,,
2017-01-30,,,,6276.565955196247,2.87575,,
2017-01-31,,,,6258.492207140556,2.871833333333333,,
2017-02-01,,,,6332.892207128474,2.887916666666667,,
2017-02-02,,,,6334.439273196249,2.88825,,
2017-02-03,,,,6353.7950639184755,2.892416666666667,,
2017-02-04,,,,6315.115824835139,2.8840833333333333,,
2017-02-05,,,,6296.595742101806,2.8800833333333333,,
2017-02-06,,,,6403.882367473891,2.903166666666667,,
2017-02-07,,,,6389.882858873889,2.900166666666667,,
2017-02-08,,,,6403.4932658384705,2.903083333333333,,
2017-02-09,,,,6324.000594159998,2.886,,
2017-02-10,,,,6376.676495715556,2.897333333333333,,
2017-02-11,,,,6434.662277416248,2.9097499999999994,,
2017-02-12,,,,6373.959395046248,2.8967499999999995,,
2017-02-13,,,,6404.660609555556,2.9033333333333338,,
2017-02-14,,,,6384.054678671808,2.898916666666667,,
2017-02-15,,,,6458.484284073887,2.9148333333333327,,
2017-02-16,,,,6431.54165041847,2.909083333333333,,
2017-02-17,,,,6368.527095438471,2.895583333333333,,
2017-02-18,,,,6277.3356847684745,2.875916666666667,,
2017-02-19,,,,6271.179297128474,2.8745833333333337,,
2017-02-20,,,,6284.650696625,2.8775,,
2017-02-21,,,,6335.212883851806,2.888416666666666,,
2017-02-22,,,,6363.8728567951375,2.8945833333333333,,
2017-02-23,,,,6337.92092866,2.889,,
2017-02-24,,,,6241.598002340559,2.8681666666666668,,
2017-02-25,,,,6141.899573871804,2.8464166666666664,,
2017-02-26,,,,6260.029285887223,2.8721666666666668,,
2017-02-27,,,,6261.182230785141,2.8724166666666666,,
2017-02-28,,,,6223.9626586155555,2.864333333333333,,
2017-03-01,,,,6248.890154616252,2.86975,,
2017-03-02,,,,6250.425939668472,2.870083333333333,,
2017-03-03,,,,6257.339533918472,2.871583333333333,,
2017-03-04,,,,6285.035826618473,2.8775833333333334,,
2017-03-05,,,,6310.483009771805,2.883083333333333,,
2017-03-06,,,,6264.641764073886,2.873166666666666,,
2017-03-07,,,,6242.749084318475,2.868416666666667,,
2017-03-08,,,,6194.12181275389,2.857833333333333,,
2017-03-09,,,,6304.308820896251,2.8817500000000003,,
2017-03-10,,,,6291.5850158600015,2.8789999999999996,,
2017-03-11,,,,6250.425939668472,2.870083333333333,,
2017-03-12,,,,6275.4114578650015,2.8755,,
2017-03-13,,,,6200.618879046251,2.85925,,
2017-03-14,,,,6289.273110385003,2.8785000000000003,,
2017-03-15,,,,6317.819160595553,2.8846666666666665,,
2017-03-16,,,,6307.395501351804,2.8824166666666664,,
2017-03-17,,,,6363.485087664998,2.8944999999999994,,
2017-03-18,,,,6615.09478784,2.948,,
2017-03-19,,,,6954.798057184998,3.0184999999999995,,
2017-03-20,,,,7284.54814740722,3.0851666666666664,,
2017-03-21,,,,7675.7136226205575,3.1621666666666672,,
2017-03-22,,,,7827.634368985,3.1915,,
2017-03-23,,,,7877.614956671805,3.201083333333333,,
2017-03-24,,,,7576.8867613784705,3.1429166666666664,,
2017-03-25,,,,6800.263059555553,2.9866666666666664,,
2017-03-26,,,,6514.125251555554,2.9266666666666663,,
2017-03-27,,,,6144.942372211805,2.8470833333333334,,
2017-03-28,,,,6016.729613353889,2.818833333333333,,
2017-03-29,,,,6052.886754740554,2.826833333333333,,
2017-03-30,,,,6196.796622551806,2.8584166666666664,,
2017-03-31,,,,6335.212883851806,2.888416666666666,,
2017-04-01,,,,6355.344924366247,2.8927499999999995,,
2017-04-02,,,,6220.5154671718055,2.863583333333333,,
2017-04-03,,,,6181.520533518469,2.855083333333333,,
2017-04-04,,,,6152.552990406251,2.8487500000000003,,
2017-04-05,,,,6034.040032782223,2.8226666666666667,,
2017-04-06,,,,5978.068598016252,2.81025,,
2017-04-07,,,,6133.916167528887,2.8446666666666665,,
2017-04-08,,,,6415.950934896248,2.90575,,
2017-04-09,,,,6905.238768055553,3.0083333333333333,,
2017-04-10,,,,7288.30493286847,3.0859166666666664,,
2017-04-11,,,,7521.573478461806,3.1320833333333336,,
2017-04-12,,,,7554.309563585002,3.1385000000000005,,
2017-04-13,,,,7859.77616528222,3.1976666666666667,,
2017-04-14,,,,8129.6414715051405,3.2489166666666667,,
2017-04-15,,,,8383.67951429555,3.2963333333333327,,
2017-04-16,,,,8441.855810545141,3.3070833333333334,,
2017-04-17,,,,8279.146987571807,3.2769166666666667,,
2017-04-18,,,,7920.778764515557,3.2093333333333334,,
2017-04-19,,,,7494.4226363462485,3.12675,,
2017-04-20,,,,7161.162094878474,3.060416666666667,,
2017-04-21,,,,6976.387907378469,3.0229166666666663,,
2017-04-22,,,,6901.1850696249985,3.0075,,
2017-04-23,,,,6798.6548793622205,2.986333333333333,,
2017-04-24,,,,6679.029434088472,2.9614166666666666,,
2017-04-25,,,,6551.495480128474,2.9345833333333338,,
2017-04-26,,,,6428.42185138514,2.9084166666666667,,
2017-04-27,,,,6390.660169495553,2.9003333333333328,,
2017-04-28,,,,6398.436121839999,2.902,,
2017-04-29,,,,6286.961670640001,2.878,,
2017-04-30,,,,6246.203028847223,2.869166666666666,,
2017-05-01,,,,6438.173972465002,2.9105000000000003,,
2017-05-02,,,,6709.7254148205575,2.967833333333333,,
2017-05-03,,,,6983.320651148889,3.0243333333333333,,
2017-05-04,,,,7164.8842998872215,3.061166666666667,,
2017-05-05,,,,7292.897982607219,3.0868333333333333,,
2017-05-06,,,,7988.613127416253,3.2222500000000003,,
2017-05-07,,,,8569.326153665002,3.3305,,
2017-05-08,,,,8940.620002615555,3.3976666666666664,,
2017-05-09,,,,9276.077913045145,3.4570833333333337,,
2017-05-10,,,,9760.086705180558,3.540833333333333,,
2017-05-11,,,,10201.619373928892,3.6153333333333335,,
2017-05-12,,,,10088.031502295555,3.5963333333333334,,
2017-05-13,,,,10543.875654755135,3.6719166666666654,,
2017-05-14,,,,11467.819504,3.82,,
2017-05-15,,,,13038.37481144,4.058,,
2017-05-16,,,,14986.942222222218,4.333333333333333,,
2017-05-17,,,,18032.401112406253,4.72875,,
2017-05-18,,,,18435.519393751805,4.778416666666666,,
2017-05-19,,,,18722.356261435136,4.813416666666666,,
2017-05-20,,,,18940.36102474056,4.839833333333334,,
2017-05-21,,,,18919.673965582228,4.8373333333333335,,
2017-05-22,,,,18670.283335545144,4.807083333333334,,
2017-05-23,,,,18276.022996420557,4.7588333333333335,,
2017-05-24,,,,17795.80837798222,4.699333333333333,,
2017-05-25,,,,17262.95709434889,4.632333333333333,,
2017-05-26,,,,16694.492277762223,4.559666666666667,,
2017-05-27,,,,16086.374822665,4.4805,,
2017-05-28,,,,15534.728063848894,4.407333333333334,,
2017-05-29,,,,14954.570399105149,4.328916666666667,,
2017-05-30,,,,14385.269886711802,4.250416666666666,,
2017-05-31,,,,13804.016579321797,4.1685833333333315,,
2017-06-01,,,,13248.990840406252,4.08875,,
2017-06-02,,,,12910.814914846245,4.039249999999999,,
2017-06-03,,,,12715.93409071181,4.010416666666667,,
2017-06-04,,,,12502.019452385,3.9785,,
2017-06-05,,,,12368.940891985,3.9585,,
2017-06-06,,,,12287.798258656248,3.94625,,
2017-06-07,,,,12472.567161268471,3.974083333333333,,
2017-06-08,,,,12620.750811156247,3.99625,,
2017-06-09,,,,12458.68718464,3.972,,
2017-06-10,,,,12080.429441266248,3.91475,,
2017-06-11,,,,11560.485967264998,3.8345,,
2017-06-12,,,,10955.295417528889,3.7386666666666666,,
2017-06-13,5078.0,4805.0,5071.820882963326,10283.236993438471,3.6289166666666666,2.6292268671427106,2.59948910977796
2017-06-14,,,,9579.89133753514,3.509916666666667,,
2017-06-15,,,,8830.107930887221,3.377833333333333,,
2017-06-16,,,,8192.647156846251,3.2607500000000003,,
2017-06-17,,,,7499.933362553886,3.127833333333333,,
2017-06-18,,,,6839.324800866248,2.99475,,
2017-06-19,,,,6307.009621015555,2.8823333333333334,,
2017-06-20,,,,5824.427670180556,2.7758333333333334,,
2017-06-21,,,,5554.298109868471,2.7140833333333334,,
2017-06-22,,,,5305.990442180555,2.6558333333333333,,
2017-06-23,,,,5149.480244055558,2.6183333333333336,,
2017-06-24,,,,5084.869615715556,2.602666666666667,,
2017-06-25,,,,5286.370897153891,2.6511666666666667,,
2017-06-26,,,,5595.032927785001,2.7235,,
2017-06-27,,,,5587.089305388891,2.7216666666666667,,
2017-06-28,,,,5475.108363415555,2.6956666666666664,,
2017-06-29,,,,5839.211637847223,2.779166666666667,,
2017-06-30,,,,6226.261368407222,2.8648333333333333,,
2017-07-01,,,,6428.811780985001,2.9085,,
2017-07-02,,,,6618.26374726222,2.9486666666666665,,
2017-07-03,2915.0,2744.0,3937.8099295260463,6582.265690205138,2.9410833333333333,2.2969352751728964,2.3032174354556934
2017-07-04,,,,6328.252250871806,2.8869166666666666,,
2017-07-05,,,,5961.595050901808,2.8065833333333337,,
2017-07-06,,,,5499.407141262218,2.7013333333333325,,
2017-07-07,,,,5184.726284073891,2.6268333333333342,,
2017-07-08,,,,5252.483040971807,2.6430833333333337,,
2017-07-09,,,,5192.346017128888,2.6286666666666663,,
2017-07-10,,,,5431.663436465,2.6855,,
2017-07-11,,,,5800.816376065002,2.7705000000000006,,
2017-07-12,,,,6004.7037277538875,2.8161666666666663,,
2017-07-13,,,,5850.313197388889,2.7816666666666667,,
2017-07-14,,,,5956.358720128472,2.8054166666666664,,
2017-07-15,,,,6263.872888339999,2.873,,
2017-07-16,,,,6159.406971216251,2.8502500000000004,,
2017-07-17,,,,5786.8222419822205,2.767333333333333,,
2017-07-18,,,,5444.819013588472,2.6885833333333333,,
2017-07-19,,,,5345.70340966625,2.66525,,
2017-07-20,,,,4249.33298866,2.3890000000000002,,
2017-07-21,,,,3061.627091455139,2.038083333333333,,
2017-07-22,,,,3064.1758351384724,2.0389166666666667,,
2017-07-23,,,,3049.411130001807,2.0340833333333337,,
2017-07-24,,,,3231.0392936018047,2.092583333333333,,
2017-07-25,,,,4635.965930088472,2.4905833333333334,,
2017-07-26,,,,5260.507296500001,2.645,,
2017-07-27,,,,5237.499529465,2.6395,,
2017-07-28,5069.0,4953.0,5254.017172078791,4952.632470816253,2.5702500000000006,2.6265552697041543,2.643449900970673
2017-07-29,,,,4530.684696268475,2.4634166666666677,,
2017-07-30,,,,4012.3236277684728,2.3240833333333337,,
2017-07-31,,,,3891.323010535141,2.290083333333333,,
2017-08-01,,,,3694.1558222222206,2.233333333333333,,
2017-08-02,2734.0,2555.0,3956.623673587061,3304.728386796249,2.11575,2.300028317805324,2.308507295996747
2017-08-03,,,,3045.8537558784724,2.032916666666667,,
2017-08-04,,,,2966.9830890072217,2.006833333333333,,
2017-08-05,,,,2972.985814753888,2.008833333333333,,
2017-08-06,,,,6940.153978264998,3.0154999999999994,,
2017-08-07,7722.0,7344.0,10679.592251918564,13021.32898466501,4.055500000000001,3.7889164752535023,3.6940850975672768
2017-08-08,,,,14202.808105051805,4.224916666666666,,
2017-08-09,,,,14533.434663859998,4.271,,
2017-08-10,,,,14596.65876531625,4.27975,,
2017-08-11,,,,14502.777277746247,4.26675,,
2017-08-12,,,,14270.642481005149,4.234416666666668,,
2017-08-13,,,,13917.269755262218,4.184666666666666,,
2017-08-14,,,,13579.536460585,4.1365,,
2017-08-15,,,,13294.885199628467,4.095416666666666,,
2017-08-16,,,,12834.593344639998,4.0280000000000005,,
2017-08-17,9894.0,9675.0,21867.94782415822,12334.13124654625,3.95325,5.163498302309766,5.180470539992324
2017-08-18,,,,11765.29998549556,3.866333333333333,,
2017-08-19,,,,11368.137336748885,3.8043333333333327,,
2017-08-20,,,,11372.369816499995,3.805,,
2017-08-21,,,,11315.82892035514,3.796083333333333,,
2017-08-22,7704.0,7573.0,11490.468651027264,11033.26304448722,3.7511666666666654,3.778833823014024,3.8235496943376064
2017-08-23,,,,10634.074206222218,3.686666666666666,,
2017-08-24,,,,10138.76399627389,3.6048333333333336,,
2017-08-25,,,,9585.691892951803,3.5109166666666667,,
2017-08-26,,,,9003.16352542056,3.408833333333334,,
2017-08-27,6029.0,5911.0,6825.139171527083,8429.661562273888,3.3048333333333333,2.9645083099880516,2.9918173749857813
2017-08-28,,,,7813.32370540625,3.18875,,
2017-08-29,,,,7147.936074816253,3.0577500000000004,,
2017-08-30,,,,6454.575738160002,2.9139999999999997,,
2017-08-31,,,,5732.130736751807,2.754916666666667,,
2017-09-01,,,,5092.406811064998,2.6045,,
2017-09-02,,,,4611.947111838473,2.4844166666666667,,
2017-09-03,,,,4506.977968866251,2.45725,,
2017-09-04,,,,4780.574190782223,2.527333333333333,,
2017-09-05,,,,4900.4869991822225,2.5573333333333337,,
2017-09-06,,,,4734.723182796251,2.51575,,
2017-09-07,,,,4370.6245082884725,2.4214166666666666,,
2017-09-08,,,,3887.5030006600014,2.289,,
2017-09-09,,,,3342.2165370684725,2.127416666666667,,
2017-09-10,,,,3125.991842259999,2.059,,
2017-09-11,,,,3186.9924249551373,2.078583333333333,,
2017-09-12,,,,3658.3332766872227,2.222833333333333,,
2017-09-13,,,,5286.370897153888,2.6511666666666662,,
2017-09-14,,,,6454.575738159999,2.914,,
2017-09-15,,,,7771.340595048886,3.1806666666666663,,
2017-09-16,,,,8825.017947238473,3.376916666666667,,
2017-09-17,,,,9747.400436195554,3.5386666666666664,,
2017-09-18,,,,10192.12803165625,3.61375,,
2017-09-19,,,,10372.253987895556,3.643666666666667,,
2017-09-20,,,,10414.13600995514,3.6505833333333335,,
2017-09-21,7867.0,7684.0,11904.605037238063,10311.859238828887,3.6336666666666666,3.8710527122316334,3.887819047631625
2017-09-22,,,,10230.121422168471,3.6200833333333335,,
2017-09-23,,,,10106.916111864997,3.5994999999999995,,
2017-09-24,,,,9926.789005513894,3.5691666666666677,,
2017-09-25,,,,9691.392978885142,3.529083333333334,,
2017-09-26,7260.0,7042.0,9697.260958763443,9387.60549453514,3.4765833333333336,3.5384066693946274,3.5300887671896954
2017-09-27,,,,9013.921965346253,3.41075,,
2017-09-28,,,,8582.083790087223,3.3328333333333333,,
2017-09-29,,,,8082.337696,3.24,,
2017-09-30,,,,7573.050336087223,3.1421666666666668,,
2017-10-01,,,,7054.084132906251,3.0387500000000003,,
2017-10-02,,,,6491.367144807224,2.9218333333333337,,
2017-10-03,,,,5894.835868055559,2.7916666666666674,,
2017-10-04,,,,5257.36655539625,2.64425,,
2017-10-05,,,,4590.907943860001,2.479,,
2017-10-06,3051.0,2873.0,3936.922015675843,3896.0275625218046,2.2914166666666667,2.29798837051964,2.3029674179656356
2017-10-07,,,,3228.6703835405547,2.091833333333333,,
2017-10-08,,,,2965.483571895556,2.006333333333333,,
2017-10-09,,,,2868.0347127849986,1.9735,,
2017-10-10,,,,2843.1340884999986,1.965,,
2017-10-11,2861.0,2737.0,3938.1333256586627,2838.267396222221,1.9633333333333327,2.297317306328333,2.3033084887229482
2017-10-12,,,,2827.336258878473,1.9595833333333332,,
2017-10-13,,,,2815.463258665,1.9555,,
2017-10-14,,,,2810.867799521805,1.9539166666666663,,
2017-10-15,,,,2812.318492605139,1.9544166666666667,,
2017-10-16,3132.0,3013.0,3946.744061642095,2800.9671948649993,1.9505,2.2999734681247475,2.3057312730932185
2017-10-17,,,,2797.1094435138893,1.9491666666666667,,
2017-10-18,,,,2795.4227187218053,1.9485833333333331,,
2017-10-19,,,,2789.163290871806,1.946416666666667,,
2017-10-20,,,,2784.594624140557,1.9448333333333336,,
2017-10-21,3177.0,3048.0,3950.9390336712654,2780.5451304359185,1.9434285714285715,2.3015102941498866,2.3069104901943547
2017-10-26,3051.0,2945.0,3940.5795336601,,,2.29798837051964,2.3039970860053
2017-10-31,2969.0,2758.0,3937.2485129206657,,,2.297009377176701,2.3030593563966364
2018-06-18,18983.0,18741.0,108794.24439285023,,,11.179373147996206,11.176654067983096
2018-07-13,18820.0,18560.0,107375.86325564199,,,11.1115818055484,11.105792187409458
2018-07-23,19472.0,19181.0,111958.77757090752,,,11.36566860264622,11.333098326432015
2018-07-28,17462.0,17200.0,94956.62167025924,,,10.447423088827945,10.464049680586749
2018-08-17,17562.0,17318.0,96136.582473966,,,10.50189688034259,10.526770052713724
2018-09-26,17897.0,17671.0,99564.98721309577,,,10.678300962076863,10.706840993601444
2018-10-11,17136.0,16904.0,91931.16538720096,,,10.26432828929878,10.301418131358673
2018-10-21,15588.0,15271.0,74166.0656321113,,,9.295356307191712,9.286642118514953
2018-10-26,15362.0,15079.0,72024.9682625927,,,9.142419036205665,9.156404180070432
2018-11-15,18899.0,18638.0,107995.00425909432,105275.72,11.0,11.144782875909893,11.136781779834383
2019-06-13,17824.0,17605.0,98936.30274065015,,,10.640677862606967,10.674056680744984
2019-06-28,18069.0,17739.0,100206.4148809125,,,10.765088646588122,10.740182739649727
2019-07-23,17145.0,16865.0,91526.12845976122,,,10.26949302281094,10.279442492153732
2019-08-27,15009.0,14718.0,68006.1365724946,,,8.898871115136021,8.906567977365253
2019-09-16,14285.0,13974.0,59832.237849783174,,,8.384306509569436,8.374322615352456
2019-09-21,14221.0,13970.0,59788.92315708142,,,8.338003001918016,8.371407549640496
2019-10-11,12429.0,12162.0,41406.07830568411,,,7.010916260294563,7.019416305003222
2019-10-16,11877.0,11491.0,35387.33926425135,,,6.598686714217626,6.512149767681175
2019-10-26,11026.0,10689.0,28897.486408595785,,,5.970350799950397,5.913156797976402
2019-10-31,11316.0,10909.0,30597.923290500654,,,6.183001641419888,6.076212753174674
2020-06-22,18241.0,17999.0,102596.54596539012,,,10.84919981638114,10.863487798951512
2020-06-27,22731.0,22453.0,118646.76261000641,,,11.823234021302856,11.656581675865455
